{
  "project_info": {
    "project_number": "520559653150",
    "firebase_url": "https://toten-d80bf.firebaseio.com",
    "project_id": "toten-d80bf",
    "storage_bucket": "toten-d80bf.appspot.com"
  },
  "client": [
    {
      "client_info": {
        "mobilesdk_app_id": "1:520559653150:android:cd4f9fff14eff70916590f",
        "android_client_info": {
          "package_name": "com.example.myapplication3"
        }
      },
      "oauth_client": [
        {
          "client_id": "520559653150-bf9kkhfma8tidqabrmmh7qubt26n1ue5.apps.googleusercontent.com",
          "client_type": 1,
          "android_info": {
            "package_name": "com.example.myapplication3",
            "certificate_hash": "2664e324897e9a4935b7719a63dcb38507182f34"
          }
        },
        {
          "client_id": "520559653150-4ep5su7jlm7pgvhbemkt29gs1ih7ibfd.apps.googleusercontent.com",
          "client_type": 3
        }
      ],
      "api_key": [
        {
          "current_key": "AIzaSyCzmV_xW7n8oc0MCpCgBhmSCds3ZOmN2WM"
        }
      ],
      "services": {
        "appinvite_service": {
          "other_platform_oauth_client": [
            {
              "client_id": "520559653150-4ep5su7jlm7pgvhbemkt29gs1ih7ibfd.apps.googleusercontent.com",
              "client_type": 3
            }
          ]
        }
      }
    }
  ],
  "configuration_version": "1"
}